Category,Question,Answer
Java,What is Java Virtual Machine (JVM) and its role in Java?,"The Java Virtual Machine (JVM) is a virtual machine that provides an environment for Java bytecode to be executed. It plays a crucial role in Java by providing platform independence, as Java code can run on any device that has a JVM installed. The JVM interprets and executes Java bytecode, allowing Java applications to be highly portable across different operating systems and architectures."
OOP,Explain the concept of Object-Oriented Programming (OOP) and its principles.,"Object-Oriented Programming (OOP) is a programming paradigm based on the concept of 'objects,' which can encapsulate data and behavior. The main principles of OOP are encapsulation, inheritance, and polymorphism. Encapsulation involves bundling data and methods that operate on the data into a single unit (object). Inheritance allows one class to inherit properties and behaviors from another class. Polymorphism enables objects of different classes to be treated as objects of a common superclass."
Maven,What is a Maven repository? How does it contribute to the Maven build process?,"A Maven repository is a directory or storage location where Maven artifacts (such as JAR files) are stored. It serves as a centralized place for sharing and managing dependencies in Maven projects. Maven repositories contribute to the build process by providing a way to store and retrieve project dependencies. Maven can automatically download these dependencies from repositories during the build, simplifying the project setup and ensuring that the required libraries are available for the compilation and execution of the project."
Java,Describe the difference between method overloading and method overriding in Java.,"Method overloading involves defining multiple methods in the same class with the same name but different parameter lists. The methods must have a different number or type of parameters. Method overriding, on the other hand, occurs when a subclass provides a specific implementation for a method that is already defined in its superclass. The overridden method in the subclass has the same signature (name, return type, and parameters) as the method in the superclass."
Java,What is a JavaBean and what are its conventions?,"A JavaBean is a reusable software component in Java that follows specific conventions. A JavaBean must have a public no-argument constructor, provide methods to set and get the values of its properties (using getter and setter methods), and be serializable. JavaBeans are typically used in graphical user interface (GUI) programming and other contexts where a reusable component model is beneficial."
Maven,Explain the purpose of the 'pom.xml' file in Maven.,"The 'pom.xml' file in Maven, also known as the Project Object Model file, is a configuration file that contains information about a Maven project. It includes project metadata, such as the project's dependencies, build settings, plugins, and other configuration details. The 'pom.xml' file is crucial for defining the structure of the project and specifying how Maven should build, package, and manage dependencies for the project."
Java,What is the significance of the 'static' keyword in Java?,"In Java, the 'static' keyword is used to declare members (variables and methods) that belong to the class rather than to instances of the class. A 'static' variable is shared among all instances of a class, while a 'static' method can be called on the class itself, rather than on an instance of the class. 'static' members are associated with the class and are not tied to any specific instance, allowing for shared data and behavior across all instances."
Java,Discuss the advantages of using interfaces in Java.,"Interfaces in Java provide a way to achieve abstraction and define a contract for classes that implement them. Some advantages of using interfaces include enabling multiple inheritance, allowing for the creation of loosely coupled systems, and facilitating code maintenance and evolution. Interfaces support the creation of a common API that can be implemented by multiple classes, promoting code reusability and flexibility in software design."
Java,How does garbage collection work in Java? Explain its role in memory management.,"Garbage collection in Java is the automatic process of reclaiming memory occupied by objects that are no longer reachable or in use by the program. Java employs a garbage collector to identify and reclaim memory from objects that are no longer referenced. The garbage collector runs in the background and is responsible for freeing up memory, preventing memory leaks, and ensuring efficient memory management in Java applications."
Java,What is the purpose of the 'super' keyword in Java?,"In Java, the 'super' keyword is used to refer to the immediate parent class or invoke the parent class's methods, constructors, and variables. It is often used in scenarios where a subclass wants to access or override a method or field defined in its superclass. By using 'super,' developers can explicitly specify whether to call the superclass's version of a method or the overridden version in the subclass, providing flexibility in method invocation."
Maven,Describe the Maven lifecycle phases and their order of execution.,"The Maven build process is organized into build lifecycle phases, each representing a specific stage in the project's life. The main Maven lifecycle phases, in order of execution, are 'validate,' 'compile,' 'test,' 'package,' 'verify,' 'install,' and 'deploy.' These phases ensure a consistent and standardized build process. For example, the 'compile' phase compiles the source code, the 'test' phase runs tests, and the 'package' phase creates a distributable package, such as a JAR or WAR file."
OOP,What is the importance of encapsulation in object-oriented programming?,"Encapsulation is a fundamental concept in object-oriented programming that involves bundling data (attributes) and methods (functions) that operate on the data into a single unit, known as an object. The importance of encapsulation lies in data hiding and abstraction. Encapsulation hides the internal state of an object from the outside world, preventing direct access to the object's data. This promotes information hiding and allows for better control over the object's behavior, ensuring a more modular and maintainable codebase."
Java,Explain the concept of inheritance in Java with an example.,"Inheritance is a key concept in Java that allows a class (subclass/derived class) to inherit properties and behaviors from another class (superclass/base class). The subclass can reuse and extend the functionality of the superclass. For example, consider a 'Vehicle' superclass with properties like 'fuelType' and methods like 'startEngine.' A 'Car' subclass can inherit these properties and methods, adding specific features like 'numDoors' and 'accelerate' while retaining the common characteristics defined in the 'Vehicle' superclass."
Maven,How does Maven handle dependencies? What is the purpose of the 'dependencyManagement' section in the 'pom.xml' file?,"Maven handles dependencies by automatically downloading the required JAR files from remote repositories. Dependencies are declared in the 'dependencies' section of the 'pom.xml' file, specifying the artifact coordinates (group ID, artifact ID, version) of each required library. The 'dependencyManagement' section in the 'pom.xml' file allows centralizing and standardizing dependency versions for a project. It provides a way to declare versions in one place, making it easier to manage and update dependencies consistently across the entire project."
Java,What is the purpose of the 'equals' and 'hashCode' methods in Java?
